{
  "project_info": {
    "project_number": "426958484300",
    "project_id": "degistore-3dfac",
    "storage_bucket": "degistore-3dfac.appspot.com"
  },
  "client": [
    {
      "client_info": {
        "mobilesdk_app_id": "1:426958484300:android:fdd732a76ff504c3cd15e9",
        "android_client_info": {
          "package_name": "com.example.degi_mart"
        }
      },
      "oauth_client": [],
      "api_key": [
        {
          "current_key": "AIzaSyDvj9f8i7eRKEaBPeA1jeE8_CXPib9anrc"
        }
      ],
      "services": {
        "appinvite_service": {
          "other_platform_oauth_client": []
        }
      }
    }
  ],
  "configuration_version": "1"
}